{
  "pitch_class_order": ["C", "Db", "D", "Eb", "E", "F", "Gb", "G", "Ab", "A", "Bb", "B"],
  "temperaments": {
    "12-TET": [0.0, 0.0, 0.0, 0.0, 0.0, 0.0, 0.0, 0.0, 0.0, 0.0, 0.0, 0.0],
    "Werckmeister III": [11.73, 1.96, 3.91, 13.69, -1.96, 9.78, 0.0, 7.82, 3.91, 0.0, 11.73, -1.96],
    "Kirnberger III": [10.26, 0.49, 3.42, 13.69, -3.42, 13.69, 0.98, 6.85, 3.91, 0.0, 10.26, -3.42],
    "Quarter-comma Meantone": [10.26, -13.69, 3.42, 20.53, -3.42, 13.69, -10.26, 6.85, -17.11, 0.0, 17.11, -6.85],
    "Pythagorean": [-5.87, 7.81, -1.96, -11.73, 1.96, -7.82, 5.87, -3.91, 9.78, 0.0, -9.78, 3.91],
    "Just Intonation Major (C center)": [0.0, -11.73, 3.91, 15.64, -13.69, 1.96, -9.78, 1.96, -15.64, -15.64, 17.6, -11.73],
    "Just Intonation Minor (C center)": [0.0, 11.73, 3.91, 15.64, -13.69, -1.95, -9.78, 1.96, 13.69, -15.64, 17.6, -11.73]
  },
  "chord_relative_just": {
    "maj": [1.0, 1.25, 1.5],
    "min": [1.0, 1.2, 1.5],
    "dim": [1.0, 1.2, 1.4142135624],
    "aug": [1.0, 1.25, 1.6],
    "sus2": [1.0, 1.125, 1.5],
    "sus4": [1.0, 1.3333333333, 1.5],
    "maj7": [1.0, 1.25, 1.5, 1.875],
    "min7": [1.0, 1.2, 1.5, 1.8],
    "dom7": [1.0, 1.25, 1.5, 1.8],
    "m7b5": [1.0, 1.2, 1.4142135624, 1.8],
    "add9": [1.0, 1.25, 1.5, 2.25]
  }
}
